<?xml version="1.0" encoding="UTF-8"?>
<export version="E">
  <design>
    <source>C:\Users\Matt\Downloads\GX_Watch_Rev1\GX_Watch_Rev1.kicad_sch</source>
    <date>3/31/2023 1:41:47 PM</date>
    <tool>Eeschema 7.0.1</tool>
    <sheet number="1" name="/" tstamps="/">
      <title_block>
        <title>GX Watch</title>
        <company>Bronco Space Cubesat Laboratory</company>
        <rev>1.0</rev>
        <date>2023-03-16</date>
        <source>GX_Watch_Rev1.kicad_sch</source>
        <comment number="1" value="Anode should go to R12"/>
        <comment number="2" value=""/>
        <comment number="3" value=""/>
        <comment number="4" value=""/>
        <comment number="5" value=""/>
        <comment number="6" value=""/>
        <comment number="7" value=""/>
        <comment number="8" value=""/>
        <comment number="9" value=""/>
      </title_block>
    </sheet>
  </design>
  <components>
    <comp ref="C1">
      <value>22pF</value>
      <footprint>Capacitor_SMD:C_0805_2012Metric_Pad1.18x1.45mm_HandSolder</footprint>
      <libsource lib="Device" part="C" description="Unpolarized capacitor"/>
      <property name="Sheetname" value=""/>
      <property name="Sheetfile" value="GX_Watch_Rev1.kicad_sch"/>
      <property name="ki_description" value="Unpolarized capacitor"/>
      <property name="ki_keywords" value="cap capacitor"/>
      <sheetpath names="/" tstamps="/"/>
      <tstamps>573886f5-c02a-48c3-b7e2-45d3c700908b</tstamps>
    </comp>
    <comp ref="C2">
      <value>0.47pF</value>
      <footprint>Capacitor_SMD:C_0805_2012Metric_Pad1.18x1.45mm_HandSolder</footprint>
      <libsource lib="Device" part="C" description="Unpolarized capacitor"/>
      <property name="Sheetname" value=""/>
      <property name="Sheetfile" value="GX_Watch_Rev1.kicad_sch"/>
      <property name="ki_description" value="Unpolarized capacitor"/>
      <property name="ki_keywords" value="cap capacitor"/>
      <sheetpath names="/" tstamps="/"/>
      <tstamps>ab4847bc-4efb-4e04-8d9c-f656ce4a2888</tstamps>
    </comp>
    <comp ref="C3">
      <value>1uF</value>
      <footprint>Capacitor_SMD:C_0805_2012Metric_Pad1.18x1.45mm_HandSolder</footprint>
      <libsource lib="Device" part="C" description="Unpolarized capacitor"/>
      <property name="Sheetname" value=""/>
      <property name="Sheetfile" value="GX_Watch_Rev1.kicad_sch"/>
      <property name="ki_description" value="Unpolarized capacitor"/>
      <property name="ki_keywords" value="cap capacitor"/>
      <sheetpath names="/" tstamps="/"/>
      <tstamps>1394a634-869b-499c-a7e9-ed3c2cf20391</tstamps>
    </comp>
    <comp ref="C4">
      <value>10pF</value>
      <footprint>Capacitor_SMD:C_0805_2012Metric_Pad1.18x1.45mm_HandSolder</footprint>
      <libsource lib="Device" part="C" description="Unpolarized capacitor"/>
      <property name="Sheetname" value=""/>
      <property name="Sheetfile" value="GX_Watch_Rev1.kicad_sch"/>
      <property name="ki_description" value="Unpolarized capacitor"/>
      <property name="ki_keywords" value="cap capacitor"/>
      <sheetpath names="/" tstamps="/"/>
      <tstamps>131706af-23e7-49eb-80d6-81f15eb36d4a</tstamps>
    </comp>
    <comp ref="C6">
      <value>20nF</value>
      <footprint>Capacitor_SMD:C_0805_2012Metric_Pad1.18x1.45mm_HandSolder</footprint>
      <libsource lib="Device" part="C" description="Unpolarized capacitor"/>
      <property name="Sheetname" value=""/>
      <property name="Sheetfile" value="GX_Watch_Rev1.kicad_sch"/>
      <property name="ki_description" value="Unpolarized capacitor"/>
      <property name="ki_keywords" value="cap capacitor"/>
      <sheetpath names="/" tstamps="/"/>
      <tstamps>db42249d-27b7-4f1e-9782-56ce99dd8c3f</tstamps>
    </comp>
    <comp ref="C7">
      <value>10pF</value>
      <footprint>Capacitor_SMD:C_0805_2012Metric_Pad1.18x1.45mm_HandSolder</footprint>
      <libsource lib="Device" part="C" description="Unpolarized capacitor"/>
      <property name="Sheetname" value=""/>
      <property name="Sheetfile" value="GX_Watch_Rev1.kicad_sch"/>
      <property name="ki_description" value="Unpolarized capacitor"/>
      <property name="ki_keywords" value="cap capacitor"/>
      <sheetpath names="/" tstamps="/"/>
      <tstamps>c62e7b02-f406-4f76-8f0a-6d20ab54b98c</tstamps>
    </comp>
    <comp ref="C8">
      <value>10nF</value>
      <footprint>Capacitor_SMD:C_0805_2012Metric_Pad1.18x1.45mm_HandSolder</footprint>
      <libsource lib="Device" part="C" description="Unpolarized capacitor"/>
      <property name="Sheetname" value=""/>
      <property name="Sheetfile" value="GX_Watch_Rev1.kicad_sch"/>
      <property name="ki_description" value="Unpolarized capacitor"/>
      <property name="ki_keywords" value="cap capacitor"/>
      <sheetpath names="/" tstamps="/"/>
      <tstamps>5a564e32-f7fd-4319-b5a6-71dd0ba4460c</tstamps>
    </comp>
    <comp ref="C9">
      <value>10nF</value>
      <footprint>Capacitor_SMD:C_0805_2012Metric_Pad1.18x1.45mm_HandSolder</footprint>
      <libsource lib="Device" part="C" description="Unpolarized capacitor"/>
      <property name="Sheetname" value=""/>
      <property name="Sheetfile" value="GX_Watch_Rev1.kicad_sch"/>
      <property name="ki_description" value="Unpolarized capacitor"/>
      <property name="ki_keywords" value="cap capacitor"/>
      <sheetpath names="/" tstamps="/"/>
      <tstamps>84c5635f-a083-492f-976d-1c6ade540a09</tstamps>
    </comp>
    <comp ref="C10">
      <value>10nF</value>
      <footprint>Capacitor_SMD:C_0805_2012Metric_Pad1.18x1.45mm_HandSolder</footprint>
      <libsource lib="Device" part="C" description="Unpolarized capacitor"/>
      <property name="Sheetname" value=""/>
      <property name="Sheetfile" value="GX_Watch_Rev1.kicad_sch"/>
      <property name="ki_description" value="Unpolarized capacitor"/>
      <property name="ki_keywords" value="cap capacitor"/>
      <sheetpath names="/" tstamps="/"/>
      <tstamps>72ec440c-c903-438b-b248-375f9bae4745</tstamps>
    </comp>
    <comp ref="C11">
      <value>10nF</value>
      <footprint>Capacitor_SMD:C_0805_2012Metric_Pad1.18x1.45mm_HandSolder</footprint>
      <libsource lib="Device" part="C" description="Unpolarized capacitor"/>
      <property name="Sheetname" value=""/>
      <property name="Sheetfile" value="GX_Watch_Rev1.kicad_sch"/>
      <property name="ki_description" value="Unpolarized capacitor"/>
      <property name="ki_keywords" value="cap capacitor"/>
      <sheetpath names="/" tstamps="/"/>
      <tstamps>0b9f2d18-dd62-4e49-b7fa-7b45316f87c9</tstamps>
    </comp>
    <comp ref="C12">
      <value>0.1</value>
      <footprint>Capacitor_SMD:C_0603_1608Metric</footprint>
      <libsource lib="Device" part="C" description="Unpolarized capacitor"/>
      <property name="Sheetname" value=""/>
      <property name="Sheetfile" value="GX_Watch_Rev1.kicad_sch"/>
      <property name="ki_description" value="Unpolarized capacitor"/>
      <property name="ki_keywords" value="cap capacitor"/>
      <sheetpath names="/" tstamps="/"/>
      <tstamps>bca99c52-c665-4484-b988-29a6b772b61b</tstamps>
    </comp>
    <comp ref="C13">
      <value>10pF</value>
      <footprint>Capacitor_SMD:C_0805_2012Metric_Pad1.18x1.45mm_HandSolder</footprint>
      <libsource lib="Device" part="C" description="Unpolarized capacitor"/>
      <property name="Sheetname" value=""/>
      <property name="Sheetfile" value="GX_Watch_Rev1.kicad_sch"/>
      <property name="ki_description" value="Unpolarized capacitor"/>
      <property name="ki_keywords" value="cap capacitor"/>
      <sheetpath names="/" tstamps="/"/>
      <tstamps>d4e0e039-1752-4df6-8892-aca2fd574584</tstamps>
    </comp>
    <comp ref="C14">
      <value>0F</value>
      <footprint>Capacitor_SMD:C_0805_2012Metric_Pad1.18x1.45mm_HandSolder</footprint>
      <libsource lib="Device" part="C" description="Unpolarized capacitor"/>
      <property name="Sheetname" value=""/>
      <property name="Sheetfile" value="GX_Watch_Rev1.kicad_sch"/>
      <property name="ki_description" value="Unpolarized capacitor"/>
      <property name="ki_keywords" value="cap capacitor"/>
      <sheetpath names="/" tstamps="/"/>
      <tstamps>08b15b0c-5d7f-46c9-a716-d8099da29aff</tstamps>
    </comp>
    <comp ref="C18">
      <value>1uF</value>
      <footprint>Capacitor_SMD:C_0805_2012Metric_Pad1.18x1.45mm_HandSolder</footprint>
      <libsource lib="Device" part="C" description="Unpolarized capacitor"/>
      <property name="Sheetname" value=""/>
      <property name="Sheetfile" value="GX_Watch_Rev1.kicad_sch"/>
      <property name="ki_description" value="Unpolarized capacitor"/>
      <property name="ki_keywords" value="cap capacitor"/>
      <sheetpath names="/" tstamps="/"/>
      <tstamps>effb3e97-4ab0-49d3-9594-414808863a14</tstamps>
    </comp>
    <comp ref="D1">
      <value>MBR0540</value>
      <footprint>Diode_SMD:D_SOD-123</footprint>
      <datasheet>http://www.mccsemi.com/up_pdf/MBR0520~MBR0580(SOD123).pdf</datasheet>
      <libsource lib="Diode" part="MBR0540" description="40V 0.5A Schottky Power Rectifier Diode, SOD-123"/>
      <property name="Sheetname" value=""/>
      <property name="Sheetfile" value="GX_Watch_Rev1.kicad_sch"/>
      <property name="ki_description" value="40V 0.5A Schottky Power Rectifier Diode, SOD-123"/>
      <property name="ki_keywords" value="diode Schottky"/>
      <sheetpath names="/" tstamps="/"/>
      <tstamps>33c23838-42bd-4bae-a3ef-ee2ede76483b</tstamps>
    </comp>
    <comp ref="D2">
      <value>MBR0540</value>
      <footprint>Diode_SMD:D_SOD-123</footprint>
      <datasheet>http://www.mccsemi.com/up_pdf/MBR0520~MBR0580(SOD123).pdf</datasheet>
      <libsource lib="Diode" part="MBR0540" description="40V 0.5A Schottky Power Rectifier Diode, SOD-123"/>
      <property name="Sheetname" value=""/>
      <property name="Sheetfile" value="GX_Watch_Rev1.kicad_sch"/>
      <property name="ki_description" value="40V 0.5A Schottky Power Rectifier Diode, SOD-123"/>
      <property name="ki_keywords" value="diode Schottky"/>
      <sheetpath names="/" tstamps="/"/>
      <tstamps>9e1503ab-2aa9-4ffc-a56c-440c64ee276d</tstamps>
    </comp>
    <comp ref="J1">
      <value>Conn_01x05_Female</value>
      <footprint>Connector_Molex:Molex_Pico-Lock_504050-0591_1x05-1MP_P1.50mm_Horizontal</footprint>
      <libsource lib="Connector" part="Conn_01x05_Female" description="Generic connector, single row, 01x05, script generated (kicad-library-utils/schlib/autogen/connector/)"/>
      <property name="Sheetname" value=""/>
      <property name="Sheetfile" value="GX_Watch_Rev1.kicad_sch"/>
      <property name="ki_description" value="Generic connector, single row, 01x05, script generated (kicad-library-utils/schlib/autogen/connector/)"/>
      <property name="ki_keywords" value="connector"/>
      <sheetpath names="/" tstamps="/"/>
      <tstamps>ef6d4d49-751f-495e-b007-0d4aa320d6eb</tstamps>
    </comp>
    <comp ref="L1">
      <value>47uH</value>
      <footprint>Inductor_SMD:L_1210_3225Metric_Pad1.42x2.65mm_HandSolder</footprint>
      <libsource lib="Device" part="L" description="Inductor"/>
      <property name="Sheetname" value=""/>
      <property name="Sheetfile" value="GX_Watch_Rev1.kicad_sch"/>
      <property name="ki_description" value="Inductor"/>
      <property name="ki_keywords" value="inductor choke coil reactor magnetic"/>
      <sheetpath names="/" tstamps="/"/>
      <tstamps>7b17dac0-1d22-4932-993b-fed4ebaa4ec1</tstamps>
    </comp>
    <comp ref="L2">
      <value>2.5k</value>
      <footprint>Inductor_SMD:L_0805_2012Metric_Pad1.15x1.40mm_HandSolder</footprint>
      <libsource lib="Device" part="L" description="Inductor"/>
      <property name="Sheetname" value=""/>
      <property name="Sheetfile" value="GX_Watch_Rev1.kicad_sch"/>
      <property name="ki_description" value="Inductor"/>
      <property name="ki_keywords" value="inductor choke coil reactor magnetic"/>
      <sheetpath names="/" tstamps="/"/>
      <tstamps>f4a3ab07-7aab-44e9-b82c-b6e656010fc2</tstamps>
    </comp>
    <comp ref="R1">
      <value>10k</value>
      <footprint>Resistor_SMD:R_0805_2012Metric_Pad1.20x1.40mm_HandSolder</footprint>
      <libsource lib="Device" part="R" description="Resistor"/>
      <property name="Sheetname" value=""/>
      <property name="Sheetfile" value="GX_Watch_Rev1.kicad_sch"/>
      <property name="ki_description" value="Resistor"/>
      <property name="ki_keywords" value="R res resistor"/>
      <sheetpath names="/" tstamps="/"/>
      <tstamps>0cf75253-d81f-4647-ac3d-75b8b4843767</tstamps>
    </comp>
    <comp ref="R2">
      <value>226k</value>
      <footprint>Resistor_SMD:R_0805_2012Metric_Pad1.20x1.40mm_HandSolder</footprint>
      <libsource lib="Device" part="R" description="Resistor"/>
      <property name="Sheetname" value=""/>
      <property name="Sheetfile" value="GX_Watch_Rev1.kicad_sch"/>
      <property name="ki_description" value="Resistor"/>
      <property name="ki_keywords" value="R res resistor"/>
      <sheetpath names="/" tstamps="/"/>
      <tstamps>64860278-bd65-45b0-94ce-9a55617209eb</tstamps>
    </comp>
    <comp ref="R3">
      <value>249Ohm</value>
      <footprint>Resistor_SMD:R_0805_2012Metric_Pad1.20x1.40mm_HandSolder</footprint>
      <libsource lib="Device" part="R" description="Resistor"/>
      <property name="Sheetname" value=""/>
      <property name="Sheetfile" value="GX_Watch_Rev1.kicad_sch"/>
      <property name="ki_description" value="Resistor"/>
      <property name="ki_keywords" value="R res resistor"/>
      <sheetpath names="/" tstamps="/"/>
      <tstamps>d1f6a758-f905-4dde-b9c5-926a2c751a96</tstamps>
    </comp>
    <comp ref="R4">
      <value>1K</value>
      <footprint>Resistor_SMD:R_0805_2012Metric_Pad1.20x1.40mm_HandSolder</footprint>
      <libsource lib="Device" part="R" description="Resistor"/>
      <property name="Sheetname" value=""/>
      <property name="Sheetfile" value="GX_Watch_Rev1.kicad_sch"/>
      <property name="ki_description" value="Resistor"/>
      <property name="ki_keywords" value="R res resistor"/>
      <sheetpath names="/" tstamps="/"/>
      <tstamps>142a995a-95cc-4873-a4e0-ed95abb1fcff</tstamps>
    </comp>
    <comp ref="R5">
      <value>10k</value>
      <footprint>Resistor_SMD:R_0805_2012Metric_Pad1.20x1.40mm_HandSolder</footprint>
      <libsource lib="Device" part="R" description="Resistor"/>
      <property name="Sheetname" value=""/>
      <property name="Sheetfile" value="GX_Watch_Rev1.kicad_sch"/>
      <property name="ki_description" value="Resistor"/>
      <property name="ki_keywords" value="R res resistor"/>
      <sheetpath names="/" tstamps="/"/>
      <tstamps>c4667ba7-23b8-4d1e-adad-86404a4efc2d</tstamps>
    </comp>
    <comp ref="R6">
      <value>100k</value>
      <footprint>Resistor_SMD:R_0805_2012Metric_Pad1.20x1.40mm_HandSolder</footprint>
      <libsource lib="Device" part="R" description="Resistor"/>
      <property name="Sheetname" value=""/>
      <property name="Sheetfile" value="GX_Watch_Rev1.kicad_sch"/>
      <property name="ki_description" value="Resistor"/>
      <property name="ki_keywords" value="R res resistor"/>
      <sheetpath names="/" tstamps="/"/>
      <tstamps>0fc550d6-3d67-4f39-a628-956b528c5537</tstamps>
    </comp>
    <comp ref="R7">
      <value>100k</value>
      <footprint>Resistor_SMD:R_0805_2012Metric_Pad1.20x1.40mm_HandSolder</footprint>
      <libsource lib="Device" part="R" description="Resistor"/>
      <property name="Sheetname" value=""/>
      <property name="Sheetfile" value="GX_Watch_Rev1.kicad_sch"/>
      <property name="ki_description" value="Resistor"/>
      <property name="ki_keywords" value="R res resistor"/>
      <sheetpath names="/" tstamps="/"/>
      <tstamps>95b894c9-693e-4ed8-b8dd-5d9f2e93d0ca</tstamps>
    </comp>
    <comp ref="R8">
      <value>10K</value>
      <footprint>Resistor_SMD:R_0603_1608Metric</footprint>
      <libsource lib="Device" part="R" description="Resistor"/>
      <property name="Sheetname" value=""/>
      <property name="Sheetfile" value="GX_Watch_Rev1.kicad_sch"/>
      <property name="ki_description" value="Resistor"/>
      <property name="ki_keywords" value="R res resistor"/>
      <sheetpath names="/" tstamps="/"/>
      <tstamps>62908eca-9dca-4b56-b578-ba6647a01a00</tstamps>
    </comp>
    <comp ref="R9">
      <value>0k</value>
      <footprint>Resistor_SMD:R_0805_2012Metric_Pad1.20x1.40mm_HandSolder</footprint>
      <libsource lib="Device" part="R" description="Resistor"/>
      <property name="Sheetname" value=""/>
      <property name="Sheetfile" value="GX_Watch_Rev1.kicad_sch"/>
      <property name="ki_description" value="Resistor"/>
      <property name="ki_keywords" value="R res resistor"/>
      <sheetpath names="/" tstamps="/"/>
      <tstamps>03c04285-92f5-4358-8a42-8a6fa8c766f3</tstamps>
    </comp>
    <comp ref="R11">
      <value>49.9Ohm</value>
      <footprint>Resistor_SMD:R_0805_2012Metric_Pad1.20x1.40mm_HandSolder</footprint>
      <libsource lib="Device" part="R" description="Resistor"/>
      <property name="Sheetname" value=""/>
      <property name="Sheetfile" value="GX_Watch_Rev1.kicad_sch"/>
      <property name="ki_description" value="Resistor"/>
      <property name="ki_keywords" value="R res resistor"/>
      <sheetpath names="/" tstamps="/"/>
      <tstamps>89b33c9b-0093-48eb-af95-7784c677b1df</tstamps>
    </comp>
    <comp ref="R12">
      <value>49.9Ohm</value>
      <footprint>Resistor_SMD:R_0805_2012Metric_Pad1.20x1.40mm_HandSolder</footprint>
      <libsource lib="Device" part="R" description="Resistor"/>
      <property name="Sheetname" value=""/>
      <property name="Sheetfile" value="GX_Watch_Rev1.kicad_sch"/>
      <property name="ki_description" value="Resistor"/>
      <property name="ki_keywords" value="R res resistor"/>
      <sheetpath names="/" tstamps="/"/>
      <tstamps>1f03eeab-0163-4ce9-a96d-cbbdc92b1aa3</tstamps>
    </comp>
    <comp ref="R13">
      <value>49.9Ohm</value>
      <footprint>Resistor_SMD:R_0805_2012Metric_Pad1.20x1.40mm_HandSolder</footprint>
      <libsource lib="Device" part="R" description="Resistor"/>
      <property name="Sheetname" value=""/>
      <property name="Sheetfile" value="GX_Watch_Rev1.kicad_sch"/>
      <property name="ki_description" value="Resistor"/>
      <property name="ki_keywords" value="R res resistor"/>
      <sheetpath names="/" tstamps="/"/>
      <tstamps>028bdf2b-b3e5-4fa7-ae92-88b7aa93e07d</tstamps>
    </comp>
    <comp ref="R14">
      <value>10K</value>
      <footprint>Resistor_SMD:R_0603_1608Metric</footprint>
      <libsource lib="Device" part="R" description="Resistor"/>
      <property name="Sheetname" value=""/>
      <property name="Sheetfile" value="GX_Watch_Rev1.kicad_sch"/>
      <property name="ki_description" value="Resistor"/>
      <property name="ki_keywords" value="R res resistor"/>
      <sheetpath names="/" tstamps="/"/>
      <tstamps>b994ed1c-916e-4ef7-bd60-a128b562a232</tstamps>
    </comp>
    <comp ref="R15">
      <value>10K</value>
      <footprint>Resistor_SMD:R_0603_1608Metric</footprint>
      <libsource lib="Device" part="R" description="Resistor"/>
      <property name="Sheetname" value=""/>
      <property name="Sheetfile" value="GX_Watch_Rev1.kicad_sch"/>
      <property name="ki_description" value="Resistor"/>
      <property name="ki_keywords" value="R res resistor"/>
      <sheetpath names="/" tstamps="/"/>
      <tstamps>c429fa24-26d3-4cf0-98c4-0a6a2be112b6</tstamps>
    </comp>
    <comp ref="R16">
      <value>10K</value>
      <footprint>Resistor_SMD:R_0603_1608Metric</footprint>
      <libsource lib="Device" part="R" description="Resistor"/>
      <property name="Sheetname" value=""/>
      <property name="Sheetfile" value="GX_Watch_Rev1.kicad_sch"/>
      <property name="ki_description" value="Resistor"/>
      <property name="ki_keywords" value="R res resistor"/>
      <sheetpath names="/" tstamps="/"/>
      <tstamps>8ba05f80-85e9-43c2-aa6f-2266b940b2f4</tstamps>
    </comp>
    <comp ref="R20">
      <value>10k</value>
      <footprint>Resistor_SMD:R_0805_2012Metric_Pad1.20x1.40mm_HandSolder</footprint>
      <libsource lib="Device" part="R" description="Resistor"/>
      <property name="Sheetname" value=""/>
      <property name="Sheetfile" value="GX_Watch_Rev1.kicad_sch"/>
      <property name="ki_description" value="Resistor"/>
      <property name="ki_keywords" value="R res resistor"/>
      <sheetpath names="/" tstamps="/"/>
      <tstamps>646e57c1-2b9d-4574-99d4-21962258be78</tstamps>
    </comp>
    <comp ref="R24">
      <value>24.9k</value>
      <footprint>Resistor_SMD:R_0805_2012Metric_Pad1.20x1.40mm_HandSolder</footprint>
      <libsource lib="Device" part="R" description="Resistor"/>
      <property name="Sheetname" value=""/>
      <property name="Sheetfile" value="GX_Watch_Rev1.kicad_sch"/>
      <property name="ki_description" value="Resistor"/>
      <property name="ki_keywords" value="R res resistor"/>
      <sheetpath names="/" tstamps="/"/>
      <tstamps>5d02c1c9-ffce-416a-aff5-173ea92c6fcc</tstamps>
    </comp>
    <comp ref="TP1">
      <value>Test_Point1</value>
      <footprint>TestPoint:TestPoint_THTPad_D3.0mm_Drill1.5mm</footprint>
      <libsource lib="Additional_Components" part="Test_Point1" description=""/>
      <property name="Sheetname" value=""/>
      <property name="Sheetfile" value="GX_Watch_Rev1.kicad_sch"/>
      <sheetpath names="/" tstamps="/"/>
      <tstamps>f695927d-ea3b-44dd-890d-389f695e077d</tstamps>
    </comp>
    <comp ref="TP2">
      <value>Test_Point1</value>
      <footprint>TestPoint:TestPoint_THTPad_D3.0mm_Drill1.5mm</footprint>
      <libsource lib="Additional_Components" part="Test_Point1" description=""/>
      <property name="Sheetname" value=""/>
      <property name="Sheetfile" value="GX_Watch_Rev1.kicad_sch"/>
      <sheetpath names="/" tstamps="/"/>
      <tstamps>1bf746ab-1118-43b1-9829-3f48a31cd5a1</tstamps>
    </comp>
    <comp ref="TP3">
      <value>Test_Point1</value>
      <footprint>TestPoint:TestPoint_THTPad_D3.0mm_Drill1.5mm</footprint>
      <libsource lib="Additional_Components" part="Test_Point1" description=""/>
      <property name="Sheetname" value=""/>
      <property name="Sheetfile" value="GX_Watch_Rev1.kicad_sch"/>
      <sheetpath names="/" tstamps="/"/>
      <tstamps>53314e85-abc3-4f46-8e71-ac0b12f3ac77</tstamps>
    </comp>
    <comp ref="TP4">
      <value>GND</value>
      <footprint>TestPoint:TestPoint_THTPad_4.0x4.0mm_Drill2.0mm</footprint>
      <libsource lib="Additional_Components" part="GND" description=""/>
      <property name="Sheetname" value=""/>
      <property name="Sheetfile" value="GX_Watch_Rev1.kicad_sch"/>
      <sheetpath names="/" tstamps="/"/>
      <tstamps>3b8f8d5f-ee99-40a5-bfdd-73e65c0d834f</tstamps>
    </comp>
    <comp ref="U1">
      <value>MICROFC-60035-SMT-TR1</value>
      <footprint>XDCR_MICROFC-60035-SMT-TR1</footprint>
      <fields>
        <field name="MANUFACTURER">ONSEMI</field>
        <field name="PARTREV">31 JUL 2018</field>
        <field name="STANDARD">Manufacturer Recommendations</field>
      </fields>
      <libsource lib="MICROFC-60035-SMT-TR1" part="MICROFC-60035-SMT-TR1" description=""/>
      <property name="PARTREV" value="31 JUL 2018"/>
      <property name="STANDARD" value="Manufacturer Recommendations"/>
      <property name="MANUFACTURER" value="ONSEMI"/>
      <property name="Sheetname" value=""/>
      <property name="Sheetfile" value="GX_Watch_Rev1.kicad_sch"/>
      <sheetpath names="/" tstamps="/"/>
      <tstamps>c84d341b-911e-435b-86c8-012f7bb6f2dc</tstamps>
    </comp>
    <comp ref="U2">
      <value>LT1807IMS8#PBF</value>
      <footprint>Package_SO:SOIC-8_3.9x4.9mm_P1.27mm</footprint>
      <fields>
        <field name="MANUFACTURER_PART_NUMBER">lt1807ims8</field>
        <field name="VENDOR">LinearTech</field>
      </fields>
      <libsource lib="LT1807IMS8_PBF" part="LT1807IMS8#PBF" description=""/>
      <property name="MANUFACTURER_PART_NUMBER" value="lt1807ims8"/>
      <property name="VENDOR" value="LinearTech"/>
      <property name="Sheetname" value=""/>
      <property name="Sheetfile" value="GX_Watch_Rev1.kicad_sch"/>
      <sheetpath names="/" tstamps="/"/>
      <tstamps>bc13e1d1-cc3c-4d37-b7c8-82c81f8ddc35</tstamps>
    </comp>
    <comp ref="U3">
      <value>ADS1115IDGS</value>
      <footprint>Package_SO:TSSOP-10_3x3mm_P0.5mm</footprint>
      <datasheet>http://www.ti.com/lit/ds/symlink/ads1113.pdf</datasheet>
      <libsource lib="Analog_ADC" part="ADS1115IDGS" description="Ultra-Small, Low-Power, I2C-Compatible, 860-SPS, 16-Bit ADCs With Internal Reference, Oscillator, and Programmable Comparator, VSSOP-10"/>
      <property name="Sheetname" value=""/>
      <property name="Sheetfile" value="GX_Watch_Rev1.kicad_sch"/>
      <property name="ki_description" value="Ultra-Small, Low-Power, I2C-Compatible, 860-SPS, 16-Bit ADCs With Internal Reference, Oscillator, and Programmable Comparator, VSSOP-10"/>
      <property name="ki_keywords" value="16 bit 4 channel I2C ADC"/>
      <sheetpath names="/" tstamps="/"/>
      <tstamps>f3532698-4caf-4afe-8d16-fa86e0a13cfc</tstamps>
    </comp>
    <comp ref="U4">
      <value>LT3461ES6#TRPBF</value>
      <footprint>Package_TO_SOT_SMD:TSOT-23-6</footprint>
      <libsource lib="Missing_ICs" part="L3461A" description=""/>
      <property name="Sheetname" value=""/>
      <property name="Sheetfile" value="GX_Watch_Rev1.kicad_sch"/>
      <sheetpath names="/" tstamps="/"/>
      <tstamps>e85972ed-9b6d-431b-842b-7a58463c0f21</tstamps>
    </comp>
  </components>
  <libparts>
    <libpart lib="Additional_Components" part="GND">
      <fields>
        <field name="Reference">TP</field>
        <field name="Value">Additional_Components_GND</field>
      </fields>
      <pins>
        <pin num="1" name="" type="input"/>
      </pins>
    </libpart>
    <libpart lib="Additional_Components" part="Test_Point1">
      <fields>
        <field name="Reference">TP</field>
        <field name="Value">Additional_Components_Test_Point1</field>
      </fields>
      <pins>
        <pin num="1" name="TP1" type="input"/>
      </pins>
    </libpart>
    <libpart lib="Analog_ADC" part="ADS1115IDGS">
      <description>Ultra-Small, Low-Power, I2C-Compatible, 860-SPS, 16-Bit ADCs With Internal Reference, Oscillator, and Programmable Comparator, VSSOP-10</description>
      <docs>http://www.ti.com/lit/ds/symlink/ads1113.pdf</docs>
      <footprints>
        <fp>TSSOP*3x3mm*P0.5mm*</fp>
      </footprints>
      <fields>
        <field name="Reference">U</field>
        <field name="Value">ADS1115IDGS</field>
        <field name="Footprint">Package_SO:TSSOP-10_3x3mm_P0.5mm</field>
        <field name="Datasheet">http://www.ti.com/lit/ds/symlink/ads1113.pdf</field>
      </fields>
      <pins>
        <pin num="1" name="ADDR" type="input"/>
        <pin num="2" name="ALERT/RDY" type="output"/>
        <pin num="3" name="GND" type="power_in"/>
        <pin num="4" name="AIN0" type="input"/>
        <pin num="5" name="AIN1" type="input"/>
        <pin num="6" name="AIN2" type="input"/>
        <pin num="7" name="AIN3" type="input"/>
        <pin num="8" name="VDD" type="power_in"/>
        <pin num="9" name="SDA" type="bidirectional"/>
        <pin num="10" name="SCL" type="input"/>
      </pins>
    </libpart>
    <libpart lib="Connector" part="Conn_01x05_Female">
      <description>Generic connector, single row, 01x05, script generated (kicad-library-utils/schlib/autogen/connector/)</description>
      <docs>~</docs>
      <footprints>
        <fp>Connector*:*_1x??_*</fp>
      </footprints>
      <fields>
        <field name="Reference">J</field>
        <field name="Value">Conn_01x05_Female</field>
        <field name="Datasheet">~</field>
      </fields>
      <pins>
        <pin num="1" name="Pin_1" type="passive"/>
        <pin num="2" name="Pin_2" type="passive"/>
        <pin num="3" name="Pin_3" type="passive"/>
        <pin num="4" name="Pin_4" type="passive"/>
        <pin num="5" name="Pin_5" type="passive"/>
      </pins>
    </libpart>
    <libpart lib="Device" part="C">
      <description>Unpolarized capacitor</description>
      <docs>~</docs>
      <footprints>
        <fp>C_*</fp>
      </footprints>
      <fields>
        <field name="Reference">C</field>
        <field name="Value">C</field>
        <field name="Datasheet">~</field>
      </fields>
      <pins>
        <pin num="1" name="" type="passive"/>
        <pin num="2" name="" type="passive"/>
      </pins>
    </libpart>
    <libpart lib="Device" part="L">
      <description>Inductor</description>
      <docs>~</docs>
      <footprints>
        <fp>Choke_*</fp>
        <fp>*Coil*</fp>
        <fp>Inductor_*</fp>
        <fp>L_*</fp>
      </footprints>
      <fields>
        <field name="Reference">L</field>
        <field name="Value">L</field>
        <field name="Datasheet">~</field>
      </fields>
      <pins>
        <pin num="1" name="1" type="passive"/>
        <pin num="2" name="2" type="passive"/>
      </pins>
    </libpart>
    <libpart lib="Device" part="R">
      <description>Resistor</description>
      <docs>~</docs>
      <footprints>
        <fp>R_*</fp>
      </footprints>
      <fields>
        <field name="Reference">R</field>
        <field name="Value">R</field>
        <field name="Datasheet">~</field>
      </fields>
      <pins>
        <pin num="1" name="" type="passive"/>
        <pin num="2" name="" type="passive"/>
      </pins>
    </libpart>
    <libpart lib="Diode" part="MBR0540">
      <description>40V 0.5A Schottky Power Rectifier Diode, SOD-123</description>
      <docs>http://www.mccsemi.com/up_pdf/MBR0520~MBR0580(SOD123).pdf</docs>
      <footprints>
        <fp>D*SOD?123*</fp>
      </footprints>
      <fields>
        <field name="Reference">D</field>
        <field name="Value">MBR0540</field>
        <field name="Footprint">Diode_SMD:D_SOD-123</field>
        <field name="Datasheet">http://www.mccsemi.com/up_pdf/MBR0520~MBR0580(SOD123).pdf</field>
      </fields>
      <pins>
        <pin num="1" name="K" type="passive"/>
        <pin num="2" name="A" type="passive"/>
      </pins>
    </libpart>
    <libpart lib="LT1807IMS8_PBF" part="LT1807IMS8#PBF">
      <fields>
        <field name="Reference">U</field>
        <field name="Value">LT1807IMS8#PBF</field>
        <field name="Footprint">MSOP-8_MS</field>
        <field name="MANUFACTURER_PART_NUMBER">lt1807ims8</field>
        <field name="VENDOR">LinearTech</field>
      </fields>
      <pins>
        <pin num="1" name="OUTA" type="output"/>
        <pin num="2" name="-INA" type="input"/>
        <pin num="3" name="+INA" type="input"/>
        <pin num="4" name="V-" type="power_in"/>
        <pin num="5" name="+INB" type="input"/>
        <pin num="6" name="-INB" type="input"/>
        <pin num="7" name="OUTB" type="output"/>
        <pin num="8" name="V+" type="power_in"/>
      </pins>
    </libpart>
    <libpart lib="MICROFC-60035-SMT-TR1" part="MICROFC-60035-SMT-TR1">
      <fields>
        <field name="Reference">U</field>
        <field name="Value">MICROFC-60035-SMT-TR1</field>
        <field name="Footprint">XDCR_MICROFC-60035-SMT-TR1</field>
        <field name="PARTREV">31 JUL 2018</field>
        <field name="STANDARD">Manufacturer Recommendations</field>
        <field name="MANUFACTURER">ONSEMI</field>
      </fields>
      <pins>
        <pin num="1" name="" type="passive"/>
        <pin num="2" name="" type="passive"/>
        <pin num="3" name="" type="passive"/>
        <pin num="5" name="EP" type="power_in"/>
      </pins>
    </libpart>
    <libpart lib="Missing_ICs" part="L3461A">
      <fields>
        <field name="Reference">U</field>
        <field name="Value">Missing_ICs_L3461A</field>
      </fields>
      <pins>
        <pin num="1" name="sw" type="input"/>
        <pin num="2" name="gnd" type="input"/>
        <pin num="3" name="FB" type="input"/>
        <pin num="4" name="SHDN" type="input"/>
        <pin num="5" name="Vout" type="input"/>
        <pin num="6" name="Vin" type="input"/>
      </pins>
    </libpart>
  </libparts>
  <libraries>
    <library logical="Analog_ADC">
      <uri>C:\Program Files\KiCad\7.0\share\kicad\symbols\/Analog_ADC.kicad_sym</uri>
    </library>
    <library logical="Connector">
      <uri>C:\Program Files\KiCad\7.0\share\kicad\symbols\/Connector.kicad_sym</uri>
    </library>
    <library logical="Device">
      <uri>C:\Program Files\KiCad\7.0\share\kicad\symbols\/Device.kicad_sym</uri>
    </library>
    <library logical="Diode">
      <uri>C:\Program Files\KiCad\7.0\share\kicad\symbols\/Diode.kicad_sym</uri>
    </library>
    <library logical="LT1807IMS8_PBF">
      <uri>C:/Users/Matt/Documents/KiCad/7.0/symbols/LT1807IMS8_PBF.kicad_sym</uri>
    </library>
    <library logical="MICROFC-60035-SMT-TR1">
      <uri>C:/Users/Matt/Documents/KiCad/7.0/symbols/MICROFC-60035-SMT-TR1.kicad_sym</uri>
    </library>
  </libraries>
  <nets>
    <net code="1" name="+5V">
      <node ref="C13" pin="1" pintype="passive"/>
      <node ref="C3" pin="1" pintype="passive"/>
      <node ref="C7" pin="1" pintype="passive"/>
      <node ref="L1" pin="2" pinfunction="2" pintype="passive"/>
      <node ref="U2" pin="8" pinfunction="V+" pintype="power_in"/>
      <node ref="U4" pin="4" pinfunction="SHDN" pintype="input"/>
      <node ref="U4" pin="6" pinfunction="Vin" pintype="input"/>
    </net>
    <net code="2" name="GND">
      <node ref="C10" pin="2" pintype="passive"/>
      <node ref="C11" pin="2" pintype="passive"/>
      <node ref="C12" pin="2" pintype="passive"/>
      <node ref="C13" pin="2" pintype="passive"/>
      <node ref="C18" pin="2" pintype="passive"/>
      <node ref="C2" pin="2" pintype="passive"/>
      <node ref="C3" pin="2" pintype="passive"/>
      <node ref="C6" pin="2" pintype="passive"/>
      <node ref="C7" pin="2" pintype="passive"/>
      <node ref="C8" pin="2" pintype="passive"/>
      <node ref="C9" pin="2" pintype="passive"/>
      <node ref="J1" pin="5" pinfunction="Pin_5" pintype="passive"/>
      <node ref="R1" pin="2" pintype="passive"/>
      <node ref="R12" pin="1" pintype="passive"/>
      <node ref="R16" pin="2" pintype="passive"/>
      <node ref="R20" pin="1" pintype="passive"/>
      <node ref="R24" pin="2" pintype="passive"/>
      <node ref="R3" pin="1" pintype="passive"/>
      <node ref="R6" pin="1" pintype="passive"/>
      <node ref="TP4" pin="1" pintype="input"/>
      <node ref="U1" pin="2" pintype="passive"/>
      <node ref="U1" pin="5" pinfunction="EP" pintype="power_in"/>
      <node ref="U2" pin="4" pinfunction="V-" pintype="power_in"/>
      <node ref="U3" pin="3" pinfunction="GND" pintype="power_in"/>
      <node ref="U4" pin="2" pinfunction="gnd" pintype="input"/>
    </net>
    <net code="3" name="Net-(C10-Pad1)">
      <node ref="C10" pin="1" pintype="passive"/>
      <node ref="C8" pin="1" pintype="passive"/>
      <node ref="C9" pin="1" pintype="passive"/>
      <node ref="R11" pin="1" pintype="passive"/>
      <node ref="U1" pin="3" pintype="passive"/>
    </net>
    <net code="4" name="Net-(C11-Pad1)">
      <node ref="C11" pin="1" pintype="passive"/>
      <node ref="R11" pin="2" pintype="passive"/>
      <node ref="R13" pin="1" pintype="passive"/>
    </net>
    <net code="5" name="Net-(C14-Pad2)">
      <node ref="C14" pin="2" pintype="passive"/>
      <node ref="R24" pin="1" pintype="passive"/>
      <node ref="R9" pin="1" pintype="passive"/>
    </net>
    <net code="6" name="Net-(C18-Pad1)">
      <node ref="C18" pin="1" pintype="passive"/>
      <node ref="L2" pin="2" pinfunction="2" pintype="passive"/>
      <node ref="R13" pin="2" pintype="passive"/>
    </net>
    <net code="7" name="Net-(D1-A)">
      <node ref="D1" pin="2" pinfunction="A" pintype="passive"/>
      <node ref="D2" pin="1" pinfunction="K" pintype="passive"/>
      <node ref="U2" pin="7" pinfunction="OUTB" pintype="output"/>
    </net>
    <net code="8" name="Net-(D1-K)">
      <node ref="C14" pin="1" pintype="passive"/>
      <node ref="C6" pin="1" pintype="passive"/>
      <node ref="D1" pin="1" pinfunction="K" pintype="passive"/>
      <node ref="R7" pin="2" pintype="passive"/>
    </net>
    <net code="9" name="Net-(D2-A)">
      <node ref="D2" pin="2" pinfunction="A" pintype="passive"/>
      <node ref="R6" pin="2" pintype="passive"/>
      <node ref="R7" pin="1" pintype="passive"/>
      <node ref="U2" pin="6" pinfunction="-INB" pintype="input"/>
    </net>
    <net code="10" name="Net-(J1-Pin_2)">
      <node ref="J1" pin="2" pinfunction="Pin_2" pintype="passive"/>
      <node ref="R8" pin="2" pintype="passive"/>
    </net>
    <net code="11" name="Net-(J1-Pin_3)">
      <node ref="J1" pin="3" pinfunction="Pin_3" pintype="passive"/>
      <node ref="R15" pin="2" pintype="passive"/>
      <node ref="U3" pin="10" pinfunction="SCL" pintype="input"/>
    </net>
    <net code="12" name="Net-(J1-Pin_4)">
      <node ref="J1" pin="4" pinfunction="Pin_4" pintype="passive"/>
      <node ref="R14" pin="2" pintype="passive"/>
      <node ref="U3" pin="9" pinfunction="SDA" pintype="bidirectional"/>
    </net>
    <net code="13" name="Net-(R12-Pad2)">
      <node ref="R12" pin="2" pintype="passive"/>
      <node ref="R4" pin="2" pintype="passive"/>
      <node ref="U1" pin="1" pintype="passive"/>
    </net>
    <net code="14" name="Net-(TP1-TP1)">
      <node ref="R4" pin="1" pintype="passive"/>
      <node ref="TP1" pin="1" pinfunction="TP1" pintype="input"/>
      <node ref="U2" pin="3" pinfunction="+INA" pintype="input"/>
    </net>
    <net code="15" name="Net-(TP2-TP1)">
      <node ref="C4" pin="2" pintype="passive"/>
      <node ref="R20" pin="2" pintype="passive"/>
      <node ref="R5" pin="1" pintype="passive"/>
      <node ref="TP2" pin="1" pinfunction="TP1" pintype="input"/>
      <node ref="U2" pin="1" pinfunction="OUTA" pintype="output"/>
      <node ref="U2" pin="5" pinfunction="+INB" pintype="input"/>
    </net>
    <net code="16" name="Net-(TP3-TP1)">
      <node ref="R9" pin="2" pintype="passive"/>
      <node ref="TP3" pin="1" pinfunction="TP1" pintype="input"/>
      <node ref="U3" pin="4" pinfunction="AIN0" pintype="input"/>
    </net>
    <net code="17" name="Net-(U2--INA)">
      <node ref="C4" pin="1" pintype="passive"/>
      <node ref="R3" pin="2" pintype="passive"/>
      <node ref="R5" pin="2" pintype="passive"/>
      <node ref="U2" pin="2" pinfunction="-INA" pintype="input"/>
    </net>
    <net code="18" name="Net-(U3-ADDR)">
      <node ref="R16" pin="1" pintype="passive"/>
      <node ref="U3" pin="1" pinfunction="ADDR" pintype="input"/>
    </net>
    <net code="19" name="Net-(U4-FB)">
      <node ref="C1" pin="2" pintype="passive"/>
      <node ref="R1" pin="1" pintype="passive"/>
      <node ref="R2" pin="1" pintype="passive"/>
      <node ref="U4" pin="3" pinfunction="FB" pintype="input"/>
    </net>
    <net code="20" name="Net-(U4-Vout)">
      <node ref="C1" pin="1" pintype="passive"/>
      <node ref="C2" pin="1" pintype="passive"/>
      <node ref="L2" pin="1" pinfunction="1" pintype="passive"/>
      <node ref="R2" pin="2" pintype="passive"/>
      <node ref="U4" pin="5" pinfunction="Vout" pintype="input"/>
    </net>
    <net code="21" name="Net-(U4-sw)">
      <node ref="L1" pin="1" pinfunction="1" pintype="passive"/>
      <node ref="U4" pin="1" pinfunction="sw" pintype="input"/>
    </net>
    <net code="22" name="VCC">
      <node ref="J1" pin="1" pinfunction="Pin_1" pintype="passive"/>
      <node ref="R14" pin="1" pintype="passive"/>
      <node ref="R15" pin="1" pintype="passive"/>
      <node ref="R8" pin="1" pintype="passive"/>
    </net>
    <net code="23" name="VDDA">
      <node ref="C12" pin="1" pintype="passive"/>
      <node ref="U3" pin="8" pinfunction="VDD" pintype="power_in"/>
    </net>
    <net code="24" name="unconnected-(U3-AIN1-Pad5)">
      <node ref="U3" pin="5" pinfunction="AIN1" pintype="input+no_connect"/>
    </net>
    <net code="25" name="unconnected-(U3-AIN2-Pad6)">
      <node ref="U3" pin="6" pinfunction="AIN2" pintype="input+no_connect"/>
    </net>
    <net code="26" name="unconnected-(U3-AIN3-Pad7)">
      <node ref="U3" pin="7" pinfunction="AIN3" pintype="input+no_connect"/>
    </net>
    <net code="27" name="unconnected-(U3-ALERT{slash}RDY-Pad2)">
      <node ref="U3" pin="2" pinfunction="ALERT/RDY" pintype="output+no_connect"/>
    </net>
  </nets>
</export>
