Designator,Footprint,Quantity,Value,LCSC Part #
"_4, _3, _2, ",,4,,
C1,0805,1,22pF,
"C10, C11, C8, C9",0805,4,10nF,
C12,0603,1,0.1,
"C13, C4, C7",0805,3,10pF,
C14,0805,1,0F,
"C18, C3",0805,2,1uF,
C2,0805,1,0.47pF,
C6,0805,1,20nF,
"D1, D2",D_SOD-123,2,MBR0540,
J1,Molex_Pico-Lock_504050-0591_1x05-1MP_P1.50mm_Horizontal,1,Conn_01x05_Female,
L1,1210,1,47uH,
L2,0805,1,2.5k,
"R1, R20, R5",0805,3,10k,
"R11, R12, R13",0805,3,49.9Ohm,
"R14, R15, R16, R8",0603,4,10K,
R2,0805,1,226k,
R24,0805,1,24.9k,
R3,0805,1,249Ohm,
R4,0805,1,1K,
"R6, R7",0805,2,100k,
R9,0805,1,0k,
TP1,TestPoint_THTPad_D3.0mm_Drill1.5mm,1,Test_Point1,
TP2,TestPoint_THTPad_D3.0mm_Drill1.5mm,1,Test_Point2,
TP3,TestPoint_THTPad_D3.0mm_Drill1.5mm,1,Test_Point3,
TP4,TestPoint_THTPad_4.0x4.0mm_Drill2.0mm,1,GND,
U1,XDCR_MICROFC-60035-SMT-TR1,1,MICROFC-60035-SMT-TR1,
U2,SOIC-8_3.9x4.9mm_P1.27mm,1,LT1807IMS8#PBF,
U3,TSSOP-10_3x3mm_P0.5mm,1,ADS1115IDGS,
U4,TSOT-23-6,1,LT3461ES6#TRPBF,
